- name: Oshin Agarwal
  status: "phd"
  img: assets/img/oshin_agarwal.jpg
  url: https://www.seas.upenn.edu/~oagarwal/

- name: "Chris Callison-Burch"
  status: "faculty"
  img: assets/img/chris_callison_burch.jpg
  url: http://www.cis.upenn.edu/~ccb/

- name: "Spencer Caplan"
  status: "phd"
  img: assets/img/spencer_caplan.png
  url: http://www.spencercaplan.org/

- name: Muhao Chen
  status: "postdoc"
  img: assets/img/muhao_chen.jpg
  url: http://yellowstone.cs.ucla.edu/~muhao/

- name: "Sihao Chen"
  status: "phd"
  img: assets/img/sihao_chen.jpg
  url: https://www.seas.upenn.edu/~sihaoc/

- name: Sunghye Cho
  status: postdoc
  img: assets/img/sunghye_cho.png
  url: http://www.sunghyecho.com/

- name: Christopher Cieri
  status: staff
  img: assets/img/christopher_cieri.png
  url: https://www.ldc.upenn.edu/staff/christopher-cieri

- name: "Soham Dan"
  status: "phd"
  img: assets/img/soham_dan.jpg
  url: https://scholar.google.com/citations?user=nOsmu8UAAAAJ&hl=en&oi=ao

- name: "Daniel Deutsch"
  status: "phd"
  img: assets/img/daniel_deutsch.jpg
  url: http://danieldeutsch.github.io

- name: "Jie Gao"
  status: "phd"
  img: assets/img/jie_gao.jpg
  url: https://jiegaopoc.me/

- name: "Nitish Gupta"
  status: "phd"
  img: assets/img/nitish_gupta.png
  url: http://nitishgupta.github.io/

- name: "Hangfeng He"
  status: "phd"
  img: assets/img/hangfeng_he.jpg
  url: https://hornhehhf.github.io/hangfenghe/

- name: Alyssa Hwang
  status: phd
  img: assets/img/alyssa_hwang.jpg
  url: http://alyssahwang.com/

- name: "Rebecca Iglesias-Flores"
  status: "phd"
  img: assets/img/rebecca_iglesias-flores.jpg

- name: "Daphne Ippolito"
  status: "phd"
  img: assets/img/daphne_ippolito.jpg
  url: http://www.seas.upenn.edu/~daphnei/

- name: Helen Jin
  status: phd
  img: assets/img/helen_jin.jpg
  url: https://helenjin.github.io/

- name: Aditya Kashyap
  status: phd
  img: assets/img/aditya_kashyap.png
  url:

- name: "Reno Kriz"
  status: "phd"
  img: assets/img/reno_kriz.jpg
  url: https://rekriz11.github.io/

- name: "Mark Liberman"
  status: "faculty"
  img: assets/img/mark_liberman.jpg
  url: http://www.ling.upenn.edu/~myl/

- name: Qing Lyu
  status: phd
  img: assets/img/qing_lyu.jpg
  url:

- name: "Danni Ma"
  status: "phd"
  img: assets/img/danni_ma.jpg
  url:

- name: "Mitch Marcus"
  status: "faculty"
  img: assets/img/mitch_marcus.jpg
  url: http://www.cis.upenn.edu/~mitch/

- name: "Ani Nenkova"
  status: "faculty"
  img: assets/img/ani_nenkova.jpg
  url: http://www.cis.upenn.edu/~nenkova/

- name: "Dan Roth"
  status: "faculty"
  img: assets/img/dan_roth.jpg
  url: http://www.cis.upenn.edu/~danroth/

- name: Neville Ryant
  status: staff
  img: assets/img/default_male.jpg
  url: https://www.ldc.upenn.edu/staff/neville-ryant

- name: Jennifer Sheffield
  status: staff
  img: assets/img/jennifer_sheffield.jpg

- name: "Elior Sulem"
  status: postdoc
  img: assets/img/elior_sulem.jpg
  url: http://www.cs.huji.ac.il/~eliors/

- name: Hegler Tissot
  status: staff
  img: assets/img/hegler_tissot.jpg

- name: "Lyle Ungar"
  status: "faculty"
  img: assets/img/lyle_ungar.jpg
  url: http://www.seas.upenn.edu/~ungar/

- name: "Charles Yang"
  status: "faculty"
  img: assets/img/charles_yang.jpg
  url: http://www.ling.upenn.edu/~ycharles/

- name: Yue Yang
  status: phd
  img: assets/img/yue_yang.png
  url: http://www.yueyang.host

- name: Xiaodong Yu
  status: "phd"
  img: assets/img/xiaodong_yu.jpg
  url: https://www.xiaodongyu.me/

- name: Harry Zhang
  status: phd
  img: assets/img/harry_zhang.jpg
  url: http://zharry.com/

- name: Ben Zhou
  status: "phd"
  img: assets/img/ben_zhou.jpg
  url:
